T17,19 Skylark Park Close
T17,20 Skylark Park Close
T17,21 Skylark Park Close
T18,22 Skylark Park Close
T18,23 Skylark Park Close
T18,24 Skylark Park Close
T18,25 Skylark Park Close
T18,26 Skylark Park Close
T18,27 Skylark Park Close
T19,28 Skylark Park Close
T19,29 Skylark Park Close
T19,30 Skylark Park Close
T19,31 Skylark Park Close
T19,32 Skylark Park Close
T20,43 Skylark Park Close
T20,44 Skylark Park Close
T20,45 Skylark Park Close
T20,46 Skylark Park Close
T20,47 Skylark Park Close
T20,48 Skylark Park Close
T21,39 Skylark Park Close
T21,40 Skylark Park Close
T21,41 Skylark Park Close
T21,42 Skylark Park Close
T22,33 Skylark Park Close
T22,34 Skylark Park Close
T22,35 Skylark Park Close
T22,36 Skylark Park Close
T22,37 Skylark Park Close
T22,38 Skylark Park Close
T24,6 Monument Avenue
T24,7 Monument Avenue
T24,8 Monument Avenue
T24,9 Monument Avenue
T25,10 Monument Avenue
T25,11 Monument Avenue
T25,12 Monument Avenue
T25,13 Monument Avenue
T26,14 Monument Avenue
T26,15 Monument Avenue
T26,16 Monument Avenue
T26,17 Monument Avenue
T27,32 Monument Avenue
T27,33 Monument Avenue
T27,34 Monument Avenue
T27,35 Monument Avenue
T27,36 Monument Avenue
T27,37 Monument Avenue
T27,38 Monument Avenue
T28,25 Monument Avenue
T28,26 Monument Avenue
T28,27 Monument Avenue
T28,28 Monument Avenue
T28,29 Monument Avenue
T28,30 Monument Avenue
T28,31 Monument Avenue
T29,34 Skylark Park Drive
T30,35 Skylark Park Drive
T31,36 Skylark Park Drive
T31,37 Skylark Park Drive
T32,38 Skylark Park Drive
T32,39 Skylark Park Drive
T33,40 Skylark Park Drive
T33,41 Skylark Park Drive
T34,42 Skylark Park Drive
T34,43 Skylark Park Drive
T35,44 Skylark Park Drive
T36,18 Monument Avenue
T36,19 Monument Avenue
T36,20 Monument Avenue
T36,21 Monument Avenue
T36,22 Monument Avenue
T36,23 Monument Avenue
T36,24 Monument Avenue
T23,16 Skylark Park Court
T23,17 Skylark Park Court
T23,18 Skylark Park Court
T23,19 Skylark Park Court
T23,20 Skylark Park Court
T37,23 Monument Crescent
T38,21 Monument Crescent
T38,22 Monument Crescent
T39,42 Monument View
T39,43 Monument View
T39,44 Monument View
T39,45 Monument View
T39,46 Monument View
T40,47 Monument View
T40,48 Monument View
T40,49 Monument View
T40,50 Monument View
T40,51 Monument View
T40,52 Monument View
T41,14 Monument Close
T41,15 Monument Close
T42,9 Monument Close
T42,10 Monument Close
T42,11 Monument Close
T42,12 Monument Close
T42,13 Monument Close
T43,5 Monument Close
T43,6 Monument Close
T43,7 Monument Close
T43,8 Monument Close
T44,1 Monument Close
T44,2 Monument Close
T44,3 Monument Close
T44,4 Monument Close
T45,19 Monument Crescent
T45,20 Monument Crescent
T46,16 Monument Close
T46,17 Monument Close
T46,18 Monument Close
T46,19 Monument Close
T46,20 Monument Close
T47,21 Monument Close
T47,22 Monument Close
T48,17 Monument Crescent
T48,18 Monument Crescent
T49,15 Monument Crescent
T49,16 Monument Crescent
T50,1 Monument Crescent
T50,2 Monument Crescent
T50,3 Monument Crescent
T50,4 Monument Crescent
T50,5 Monument Crescent
T50,6 Monument Crescent
T50,7 Monument Crescent
T51,8 Monument Crescent
T51,9 Monument Crescent
T51,10 Monument Crescent
T51,11 Monument Crescent
T51,12 Monument Crescent
T51,13 Monument Crescent
T51,14 Monument Crescent
